{
  "losses": [
    0.00034295619116164744,
    0.00020978703105356544,
    0.0003089374804403633
  ],
  "seed": 13
}